{
  "a": 1006.5296114833722,
  "b": -43.30584989435229,
  "c": 0.0,
  "d": 0.0,
  "e": 0.0,
  "f": 0.0,
  "g": -98.92487772500223
}