{
  "a": 639.7582025978868,
  "b": -58.612797866395844,
  "c": 0.0,
  "d": 0.0,
  "e": 0.0,
  "f": 0.0,
  "g": 1663.653219325212
}